{
    "map": 0.34930288791656494,
    "map_50": 0.5015128254890442,
    "map_75": 0.37154582142829895,
    "map_small": 0.11991838365793228,
    "map_medium": 0.2772001326084137,
    "map_large": 0.48611220717430115
}