{
    "map": 0.33625271916389465,
    "map_50": 0.4606296718120575,
    "map_75": 0.3652278184890747,
    "map_small": 0.11631350964307785,
    "map_medium": 0.2676846981048584,
    "map_large": 0.4655801057815552
}